session_id,device_id,device_name,sample_id,t_ms,device_uptime_ms,phone_time_est_ms,ax_raw,ay_raw,az_raw,ax_mg,ay_mg,az_mg
2026-09-16T11-26-31-280Z,1,BMA400_WRIST,233,4660,83331,1018590802.553,-213,835,217,-208.008,815.43,211.914
2026-09-16T11-26-31-280Z,1,BMA400_WRIST,234,4680,83351,1018590822.553,-195,832,220,-190.43,812.5,214.844
2026-09-16T11-26-31-280Z,1,BMA400_WRIST,235,4700,83371,1018590842.553,-209,838,220,-204.102,818.359,214.844
2026-09-16T11-26-31-280Z,1,BMA400_WRIST,236,4720,83391,1018590862.553,-265,840,245,-258.789,820.313,239.258
2026-09-16T11-26-31-280Z,1,BMA400_WRIST,237,4740,83411,1018590882.553,-298,865,248,-291.016,844.727,242.188
2026-09-16T11-26-31-280Z,1,BMA400_WRIST,238,4760,83431,1018590902.553,-308,893,274,-300.781,872.07,267.578
2026-09-16T11-26-31-280Z,1,BMA400_WRIST,239,4780,83451,1018590922.553,-312,922,263,-304.688,900.391,256.836
2026-09-16T11-26-31-280Z,1,BMA400_WRIST,240,4800,83471,1018590942.553,-300,909,236,-292.969,887.695,230.469
2026-09-16T11-26-31-280Z,1,BMA400_WRIST,241,4821,83492,1018590963.553,-319,881,270,-311.523,860.352,263.672
2026-09-16T11-26-31-280Z,1,BMA400_WRIST,242,4840,83511,1018590982.553,-365,859,304,-356.445,838.867,296.875
2026-09-16T11-26-31-280Z,1,BMA400_WRIST,243,4860,83531,1018591002.553,-419,894,333,-409.18,873.047,325.195
2026-09-16T11-26-31-280Z,1,BMA400_WRIST,244,4880,83551,1018591022.553,-440,956,345,-429.688,933.594,336.914
2026-09-16T11-26-31-280Z,1,BMA400_WRIST,245,4900,83571,1018591042.553,-443,998,333,-432.617,974.609,325.195
2026-09-16T11-26-31-280Z,1,BMA400_WRIST,246,4920,83591,1018591062.553,-455,1005,353,-444.336,981.445,344.727
2026-09-16T11-26-31-280Z,1,BMA400_WRIST,247,4940,83611,1018591082.553,-458,1009,322,-447.266,985.352,314.453
2026-09-16T11-26-31-280Z,1,BMA400_WRIST,248,4961,83632,1018591103.553,-457,1006,340,-446.289,982.422,332.031
2026-09-16T11-26-31-280Z,1,BMA400_WRIST,249,4980,83651,1018591122.553,-466,985,354,-455.078,961.914,345.703
2026-09-16T11-26-31-280Z,1,BMA400_WRIST,250,5000,83671,1018591142.553,-448,922,322,-437.5,900.391,314.453
2026-09-16T11-26-31-280Z,1,BMA400_WRIST,251,5020,83691,1018591162.553,-417,857,300,-407.227,836.914,292.969
2026-09-16T11-26-31-280Z,1,BMA400_WRIST,252,5040,83711,1018591182.553,-378,820,282,-369.141,800.781,275.391
2026-09-16T11-26-31-280Z,1,BMA400_WRIST,253,5060,83731,1018591202.553,-346,791,280,-337.891,772.461,273.438
2026-09-16T11-26-31-280Z,1,BMA400_WRIST,254,5080,83751,1018591222.553,-324,792,264,-316.406,773.438,257.813
2026-09-16T11-26-31-280Z,1,BMA400_WRIST,255,5101,83772,1018591243.553,-313,792,254,-305.664,773.438,248.047
2026-09-16T11-26-31-280Z,1,BMA400_WRIST,256,5120,83791,1018591262.553,-313,795,222,-305.664,776.367,216.797
2026-09-16T11-26-31-280Z,1,BMA400_WRIST,257,5140,83811,1018591282.553,-309,788,189,-301.758,769.531,184.57
2026-09-16T11-26-31-280Z,1,BMA400_WRIST,258,5160,83831,1018591302.553,-303,785,152,-295.898,766.602,148.438
2026-09-16T11-26-31-280Z,1,BMA400_WRIST,259,5180,83851,1018591322.553,-291,773,137,-284.18,754.883,133.789
2026-09-16T11-26-31-280Z,1,BMA400_WRIST,260,5200,83871,1018591342.553,-284,779,114,-277.344,760.742,111.328
2026-09-16T11-26-31-280Z,1,BMA400_WRIST,261,5220,83891,1018591362.553,-266,777,96,-259.766,758.789,93.75
2026-09-16T11-26-31-280Z,1,BMA400_WRIST,262,5241,83912,1018591383.553,-243,813,87,-237.305,793.945,84.961
2026-09-16T11-26-31-280Z,1,BMA400_WRIST,263,5260,83931,1018591402.553,-196,869,84,-191.406,848.633,82.031
2026-09-16T11-26-31-280Z,1,BMA400_WRIST,264,5280,83951,1018591422.553,-163,904,71,-159.18,882.813,69.336
2026-09-16T11-26-31-280Z,1,BMA400_WRIST,265,5300,83971,1018591442.553,-159,938,67,-155.273,916.016,65.43
2026-09-16T11-26-31-280Z,1,BMA400_WRIST,266,5320,83991,1018591462.553,-138,991,82,-134.766,967.773,80.078
2026-09-16T11-26-31-280Z,1,BMA400_WRIST,267,5340,84011,1018591482.553,-124,1079,84,-121.094,1053.711,82.031
2026-09-16T11-26-31-280Z,1,BMA400_WRIST,268,5360,84031,1018591502.553,-157,1122,106,-153.32,1095.703,103.516
2026-09-16T11-26-31-280Z,1,BMA400_WRIST,269,5381,84052,1018591523.553,-178,1197,101,-173.828,1168.945,98.633
2026-09-16T11-26-31-280Z,1,BMA400_WRIST,270,5400,84071,1018591542.553,-207,1359,95,-202.148,1327.148,92.773
2026-09-16T11-26-31-280Z,1,BMA400_WRIST,271,5420,84091,1018591562.553,-253,1454,113,-247.07,1419.922,110.352
2026-09-16T11-26-31-280Z,1,BMA400_WRIST,272,5440,84111,1018591582.553,-340,1314,153,-332.031,1283.203,149.414
2026-09-16T11-26-31-280Z,1,BMA400_WRIST,273,5460,84131,1018591602.553,-443,1136,201,-432.617,1109.375,196.289
2026-09-16T11-26-31-280Z,1,BMA400_WRIST,274,5480,84151,1018591622.553,-487,1067,232,-475.586,1041.992,226.563
2026-09-16T11-26-31-280Z,1,BMA400_WRIST,275,5500,84171,1018591642.553,-450,1042,257,-439.453,1017.578,250.977
2026-09-16T11-26-31-280Z,1,BMA400_WRIST,276,5521,84192,1018591663.553,-400,1061,256,-390.625,1036.133,250.0
2026-09-16T11-26-31-280Z,1,BMA400_WRIST,277,5540,84211,1018591682.553,-381,1032,250,-372.07,1007.813,244.141
2026-09-16T11-26-31-280Z,1,BMA400_WRIST,278,5560,84231,1018591702.553,-386,966,241,-376.953,943.359,235.352
2026-09-16T11-26-31-280Z,1,BMA400_WRIST,279,5580,84251,1018591722.553,-395,920,269,-385.742,898.438,262.695
2026-09-16T11-26-31-280Z,1,BMA400_WRIST,280,5600,84271,1018591742.553,-460,860,281,-449.219,839.844,274.414
2026-09-16T11-26-31-280Z,1,BMA400_WRIST,281,5620,84291,1018591762.553,-511,787,285,-499.023,768.555,278.32
2026-09-16T11-26-31-280Z,1,BMA400_WRIST,282,5640,84311,1018591782.553,-531,695,253,-518.555,678.711,247.07
2026-09-16T11-26-31-280Z,1,BMA400_WRIST,283,5661,84332,1018591803.553,-565,643,247,-551.758,627.93,241.211
2026-09-16T11-26-31-280Z,1,BMA400_WRIST,284,5680,84351,1018591822.553,-594,625,209,-580.078,610.352,204.102
2026-09-16T11-26-31-280Z,1,BMA400_WRIST,285,5700,84371,1018591842.553,-594,635,190,-580.078,620.117,185.547
2026-09-16T11-26-31-280Z,1,BMA400_WRIST,286,5720,84391,1018591862.553,-581,643,160,-567.383,627.93,156.25
2026-09-16T11-26-31-280Z,1,BMA400_WRIST,287,5740,84411,1018591882.553,-606,652,142,-591.797,636.719,138.672
2026-09-16T11-26-31-280Z,1,BMA400_WRIST,288,5760,84431,1018591902.553,-764,713,121,-746.094,696.289,118.164
2026-09-16T11-26-31-280Z,1,BMA400_WRIST,289,5780,84451,1018591922.553,-446,715,176,-435.547,698.242,171.875
2026-09-16T11-26-31-280Z,1,BMA400_WRIST,290,5800,84471,1018591942.553,-536,754,123,-523.438,736.328,120.117
2026-09-16T11-26-31-280Z,1,BMA400_WRIST,291,5820,84491,1018591962.553,-645,802,82,-629.883,783.203,80.078
2026-09-16T11-26-31-280Z,1,BMA400_WRIST,292,5840,84511,1018591982.553,-593,875,60,-579.102,854.492,58.594
2026-09-16T11-26-31-280Z,1,BMA400_WRIST,293,5860,84531,1018592002.553,-568,934,60,-554.688,912.109,58.594
2026-09-16T11-26-31-280Z,1,BMA400_WRIST,294,5880,84551,1018592022.553,-539,975,100,-526.367,952.148,97.656
2026-09-16T11-26-31-280Z,1,BMA400_WRIST,295,5900,84571,1018592042.553,-457,1116,108,-446.289,1089.844,105.469
2026-09-16T11-26-31-280Z,1,BMA400_WRIST,296,5920,84591,1018592062.553,-344,1132,92,-335.938,1105.469,89.844
2026-09-16T11-26-31-280Z,1,BMA400_WRIST,297,5941,84612,1018592083.553,-257,1045,110,-250.977,1020.508,107.422
2026-09-16T11-26-31-280Z,1,BMA400_WRIST,298,5960,84631,1018592102.553,-244,1050,119,-238.281,1025.391,116.211
2026-09-16T11-26-31-280Z,1,BMA400_WRIST,299,5980,84651,1018592122.553,-255,1161,163,-249.023,1133.789,159.18
2026-09-16T11-26-31-280Z,1,BMA400_WRIST,300,6000,84671,1018592142.553,-194,1323,160,-189.453,1291.992,156.25
2026-09-16T11-26-31-280Z,1,BMA400_WRIST,301,6020,84691,1018592162.553,-169,1270,90,-165.039,1240.234,87.891
2026-09-16T11-26-31-280Z,1,BMA400_WRIST,302,6040,84711,1018592182.553,-143,1155,16,-139.648,1127.93,15.625
2026-09-16T11-26-31-280Z,1,BMA400_WRIST,303,6060,84731,1018592202.553,-73,1039,4,-71.289,1014.648,3.906
2026-09-16T11-26-31-280Z,1,BMA400_WRIST,304,6081,84752,1018592223.553,-105,1002,38,-102.539,978.516,37.109
2026-09-16T11-26-31-280Z,1,BMA400_WRIST,305,6100,84771,1018592242.553,-212,1050,62,-207.031,1025.391,60.547
2026-09-16T11-26-31-280Z,1,BMA400_WRIST,306,6120,84791,1018592262.553,-238,1023,65,-232.422,999.023,63.477
2026-09-16T11-26-31-280Z,1,BMA400_WRIST,307,6140,84811,1018592282.553,-207,889,43,-202.148,868.164,41.992
2026-09-16T11-26-31-280Z,1,BMA400_WRIST,308,6160,84831,1018592302.553,-185,764,39,-180.664,746.094,38.086
2026-09-16T11-26-31-280Z,1,BMA400_WRIST,309,6180,84851,1018592322.553,-187,694,66,-182.617,677.734,64.453
2026-09-16T11-26-31-280Z,1,BMA400_WRIST,310,6200,84871,1018592342.553,-205,678,97,-200.195,662.109,94.727
2026-09-16T11-26-31-280Z,1,BMA400_WRIST,311,6220,84891,1018592362.553,-216,692,99,-210.938,675.781,96.68
2026-09-16T11-26-31-280Z,1,BMA400_WRIST,312,6240,84911,1018592382.553,-240,717,80,-234.375,700.195,78.125
2026-09-16T11-26-31-280Z,1,BMA400_WRIST,313,6260,84931,1018592402.553,-278,753,55,-271.484,735.352,53.711
2026-09-16T11-26-31-280Z,1,BMA400_WRIST,314,6280,84951,1018592422.553,-291,811,35,-284.18,791.992,34.18
2026-09-16T11-26-31-280Z,1,BMA400_WRIST,315,6300,84971,1018592442.553,-295,866,26,-288.086,845.703,25.391
2026-09-16T11-26-31-280Z,1,BMA400_WRIST,316,6320,84991,1018592462.553,-311,929,44,-303.711,907.227,42.969
2026-09-16T11-26-31-280Z,1,BMA400_WRIST,317,6340,85011,1018592482.553,-344,994,34,-335.938,970.703,33.203
2026-09-16T11-26-31-280Z,1,BMA400_WRIST,318,6360,85031,1018592502.553,-363,1039,37,-354.492,1014.648,36.133
2026-09-16T11-26-31-280Z,1,BMA400_WRIST,319,6380,85051,1018592522.553,-396,1092,51,-386.719,1066.406,49.805
2026-09-16T11-26-31-280Z,1,BMA400_WRIST,320,6400,85071,1018592542.553,-425,1191,41,-415.039,1163.086,40.039
2026-09-16T11-26-31-280Z,1,BMA400_WRIST,321,6420,85091,1018592562.553,-441,1266,33,-430.664,1236.328,32.227
2026-09-16T11-26-31-280Z,1,BMA400_WRIST,322,6440,85111,1018592582.553,-448,1314,61,-437.5,1283.203,59.57
2026-09-16T11-26-31-280Z,1,BMA400_WRIST,323,6460,85131,1018592602.553,-438,1264,88,-427.734,1234.375,85.938
2026-09-16T11-26-31-280Z,1,BMA400_WRIST,324,6480,85151,1018592622.553,-459,1226,118,-448.242,1197.266,115.234
2026-09-16T11-26-31-280Z,1,BMA400_WRIST,325,6500,85171,1018592642.553,-495,1300,138,-483.398,1269.531,134.766
2026-09-16T11-26-31-280Z,1,BMA400_WRIST,326,6520,85191,1018592662.553,-519,1449,160,-506.836,1415.039,156.25
2026-09-16T11-26-31-280Z,1,BMA400_WRIST,327,6540,85211,1018592682.553,-525,1462,174,-512.695,1427.734,169.922
2026-09-16T11-26-31-280Z,1,BMA400_WRIST,328,6560,85231,1018592702.553,-521,1206,179,-508.789,1177.734,174.805
2026-09-16T11-26-31-280Z,1,BMA400_WRIST,329,6580,85251,1018592722.553,-534,966,236,-521.484,943.359,230.469
2026-09-16T11-26-31-280Z,1,BMA400_WRIST,330,6600,85271,1018592742.553,-568,916,256,-554.688,894.531,250.0
2026-09-16T11-26-31-280Z,1,BMA400_WRIST,331,6620,85291,1018592762.553,-627,989,229,-612.305,965.82,223.633
2026-09-16T11-26-31-280Z,1,BMA400_WRIST,332,6640,85311,1018592782.553,-657,1056,191,-641.602,1031.25,186.523
2026-09-16T11-26-31-280Z,1,BMA400_WRIST,333,6661,85332,1018592803.553,-583,1097,177,-569.336,1071.289,172.852
2026-09-16T11-26-31-280Z,1,BMA400_WRIST,334,6680,85351,1018592822.553,-496,1071,147,-484.375,1045.898,143.555
2026-09-16T11-26-31-280Z,1,BMA400_WRIST,335,6700,85371,1018592842.553,-417,1013,144,-407.227,989.258,140.625
2026-09-16T11-26-31-280Z,1,BMA400_WRIST,336,6720,85391,1018592862.553,-368,948,150,-359.375,925.781,146.484
2026-09-16T11-26-31-280Z,1,BMA400_WRIST,337,6740,85411,1018592882.553,-330,905,160,-322.266,883.789,156.25
2026-09-16T11-26-31-280Z,1,BMA400_WRIST,338,6760,85431,1018592902.553,-342,866,129,-333.984,845.703,125.977
2026-09-16T11-26-31-280Z,1,BMA400_WRIST,339,6780,85451,1018592922.553,-342,856,100,-333.984,835.938,97.656
2026-09-16T11-26-31-280Z,1,BMA400_WRIST,340,6801,85472,1018592943.553,-332,859,90,-324.219,838.867,87.891
2026-09-16T11-26-31-280Z,1,BMA400_WRIST,341,6820,85491,1018592962.553,-322,860,95,-314.453,839.844,92.773
2026-09-16T11-26-31-280Z,1,BMA400_WRIST,342,6840,85511,1018592982.553,-335,886,99,-327.148,865.234,96.68
2026-09-16T11-26-31-280Z,1,BMA400_WRIST,343,6860,85531,1018593002.553,-347,920,100,-338.867,898.438,97.656
2026-09-16T11-26-31-280Z,1,BMA400_WRIST,344,6880,85551,1018593022.553,-320,941,106,-312.5,918.945,103.516
2026-09-16T11-26-31-280Z,1,BMA400_WRIST,345,6900,85571,1018593042.553,-286,933,97,-279.297,911.133,94.727
2026-09-16T11-26-31-280Z,1,BMA400_WRIST,346,6920,85591,1018593062.553,-249,907,100,-243.164,885.742,97.656
2026-09-16T11-26-31-280Z,1,BMA400_WRIST,347,6941,85612,1018593083.553,-258,886,97,-251.953,865.234,94.727
2026-09-16T11-26-31-280Z,1,BMA400_WRIST,348,6960,85631,1018593102.553,-294,882,106,-287.109,861.328,103.516
2026-09-16T11-26-31-280Z,1,BMA400_WRIST,349,6980,85651,1018593122.553,-315,860,131,-307.617,839.844,127.93
2026-09-16T11-26-31-280Z,1,BMA400_WRIST,350,7000,85671,1018593142.553,-312,869,101,-304.688,848.633,98.633
2026-09-16T11-26-31-280Z,1,BMA400_WRIST,351,7020,85691,1018593162.553,-304,967,99,-296.875,944.336,96.68
2026-09-16T11-26-31-280Z,1,BMA400_WRIST,352,7040,85711,1018593182.553,-309,1144,91,-301.758,1117.188,88.867
2026-09-16T11-26-31-280Z,1,BMA400_WRIST,353,7060,85731,1018593202.553,-315,1279,114,-307.617,1249.023,111.328
2026-09-16T11-26-31-280Z,1,BMA400_WRIST,354,7081,85752,1018593223.553,-296,1245,128,-289.063,1215.82,125.0
2026-09-16T11-26-31-280Z,1,BMA400_WRIST,355,7100,85771,1018593242.553,-278,1099,82,-271.484,1073.242,80.078
2026-09-16T11-26-31-280Z,1,BMA400_WRIST,356,7120,85791,1018593262.553,-257,1053,53,-250.977,1028.32,51.758
2026-09-16T11-26-31-280Z,1,BMA400_WRIST,357,7140,85811,1018593282.553,-275,1017,28,-268.555,993.164,27.344
2026-09-16T11-26-31-280Z,1,BMA400_WRIST,358,7160,85831,1018593302.553,-317,981,23,-309.57,958.008,22.461
2026-09-16T11-26-31-280Z,1,BMA400_WRIST,359,7180,85851,1018593322.553,-344,947,45,-335.938,924.805,43.945
2026-09-16T11-26-31-280Z,1,BMA400_WRIST,360,7200,85871,1018593342.553,-325,875,91,-317.383,854.492,88.867
2026-09-16T11-26-31-280Z,1,BMA400_WRIST,361,7221,85892,1018593363.553,-275,792,75,-268.555,773.438,73.242
2026-09-16T11-26-31-280Z,1,BMA400_WRIST,362,7240,85911,1018593382.553,-257,713,60,-250.977,696.289,58.594
2026-09-16T11-26-31-280Z,1,BMA400_WRIST,363,7260,85931,1018593402.553,-263,673,88,-256.836,657.227,85.938
2026-09-16T11-26-31-280Z,1,BMA400_WRIST,364,7280,85951,1018593422.553,-294,692,117,-287.109,675.781,114.258
2026-09-16T11-26-31-280Z,1,BMA400_WRIST,365,7300,85971,1018593442.553,-312,754,120,-304.688,736.328,117.188
2026-09-16T11-26-31-280Z,1,BMA400_WRIST,366,7320,85991,1018593462.553,-322,836,96,-314.453,816.406,93.75
2026-09-16T11-26-31-280Z,1,BMA400_WRIST,367,7340,86011,1018593482.553,-345,928,79,-336.914,906.25,77.148
2026-09-16T11-26-31-280Z,1,BMA400_WRIST,368,7361,86032,1018593503.553,-317,1017,74,-309.57,993.164,72.266
2026-09-16T11-26-31-280Z,1,BMA400_WRIST,369,7380,86051,1018593522.553,-272,1079,64,-265.625,1053.711,62.5
2026-09-16T11-26-31-280Z,1,BMA400_WRIST,370,7400,86071,1018593542.553,-259,1105,28,-252.93,1079.102,27.344
2026-09-16T11-26-31-280Z,1,BMA400_WRIST,371,7420,86091,1018593562.553,-297,1173,21,-290.039,1145.508,20.508
2026-09-16T11-26-31-280Z,1,BMA400_WRIST,372,7440,86111,1018593582.553,-404,1251,28,-394.531,1221.68,27.344
2026-09-16T11-26-31-280Z,1,BMA400_WRIST,373,7460,86131,1018593602.553,-480,1314,55,-468.75,1283.203,53.711
2026-09-16T11-26-31-280Z,1,BMA400_WRIST,374,7480,86151,1018593622.553,-513,1320,64,-500.977,1289.063,62.5
2026-09-16T11-26-31-280Z,1,BMA400_WRIST,375,7500,86171,1018593642.553,-512,1253,80,-500.0,1223.633,78.125
2026-09-16T11-26-31-280Z,1,BMA400_WRIST,376,7520,86191,1018593662.553,-502,1189,78,-490.234,1161.133,76.172
2026-09-16T11-26-31-280Z,1,BMA400_WRIST,377,7540,86211,1018593682.553,-523,1261,129,-510.742,1231.445,125.977
2026-09-16T11-26-31-280Z,1,BMA400_WRIST,378,7560,86231,1018593702.553,-586,1461,182,-572.266,1426.758,177.734
2026-09-16T11-26-31-280Z,1,BMA400_WRIST,379,7580,86251,1018593722.553,-702,1558,189,-685.547,1521.484,184.57
2026-09-16T11-26-31-280Z,1,BMA400_WRIST,380,7600,86271,1018593742.553,-729,1311,152,-711.914,1280.273,148.438
2026-09-16T11-26-31-280Z,1,BMA400_WRIST,381,7620,86291,1018593762.553,-657,1006,175,-641.602,982.422,170.898
2026-09-16T11-26-31-280Z,1,BMA400_WRIST,382,7640,86311,1018593782.553,-567,955,277,-553.711,932.617,270.508
2026-09-16T11-26-31-280Z,1,BMA400_WRIST,383,7660,86331,1018593802.553,-524,1094,313,-511.719,1068.359,305.664
2026-09-16T11-26-31-280Z,1,BMA400_WRIST,384,7680,86351,1018593822.553,-479,1134,276,-467.773,1107.422,269.531
2026-09-16T11-26-31-280Z,1,BMA400_WRIST,385,7700,86371,1018593842.553,-472,1088,209,-460.938,1062.5,204.102
2026-09-16T11-26-31-280Z,1,BMA400_WRIST,386,7720,86391,1018593862.553,-457,1079,158,-446.289,1053.711,154.297
2026-09-16T11-26-31-280Z,1,BMA400_WRIST,387,7740,86411,1018593882.553,-428,1038,127,-417.969,1013.672,124.023
2026-09-16T11-26-31-280Z,1,BMA400_WRIST,388,7760,86431,1018593902.553,-394,1001,119,-384.766,977.539,116.211
2026-09-16T11-26-31-280Z,1,BMA400_WRIST,389,7780,86451,1018593922.553,-371,956,117,-362.305,933.594,114.258
2026-09-16T11-26-31-280Z,1,BMA400_WRIST,390,7800,86471,1018593942.553,-363,947,113,-354.492,924.805,110.352
2026-09-16T11-26-31-280Z,1,BMA400_WRIST,391,7820,86491,1018593962.553,-349,938,70,-340.82,916.016,68.359
2026-09-16T11-26-31-280Z,1,BMA400_WRIST,392,7840,86511,1018593982.553,-326,946,67,-318.359,923.828,65.43
2026-09-16T11-26-31-280Z,1,BMA400_WRIST,393,7860,86531,1018594002.553,-299,954,67,-291.992,931.641,65.43
2026-09-16T11-26-31-280Z,1,BMA400_WRIST,394,7880,86551,1018594022.553,-285,979,69,-278.32,956.055,67.383
2026-09-16T11-26-31-280Z,1,BMA400_WRIST,395,7900,86571,1018594042.553,-269,1007,64,-262.695,983.398,62.5
2026-09-16T11-26-31-280Z,1,BMA400_WRIST,396,7920,86591,1018594062.553,-263,1026,59,-256.836,1001.953,57.617
2026-09-16T11-26-31-280Z,1,BMA400_WRIST,397,7941,86612,1018594083.553,-250,1027,57,-244.141,1002.93,55.664
2026-09-16T11-26-31-280Z,1,BMA400_WRIST,398,7960,86631,1018594102.553,-257,1022,78,-250.977,998.047,76.172
2026-09-16T11-26-31-280Z,1,BMA400_WRIST,399,7980,86651,1018594122.553,-246,989,82,-240.234,965.82,80.078
2026-09-16T11-26-31-280Z,1,BMA400_WRIST,400,8000,86671,1018594142.553,-240,944,91,-234.375,921.875,88.867
2026-09-16T11-26-31-280Z,1,BMA400_WRIST,401,8020,86691,1018594162.553,-221,894,108,-215.82,873.047,105.469
2026-09-16T11-26-31-280Z,1,BMA400_WRIST,402,8040,86711,1018594182.553,-198,866,125,-193.359,845.703,122.07
2026-09-16T11-26-31-280Z,1,BMA400_WRIST,403,8060,86731,1018594202.553,-201,969,132,-196.289,946.289,128.906
2026-09-16T11-26-31-280Z,1,BMA400_WRIST,404,8081,86752,1018594223.553,-239,1128,122,-233.398,1101.563,119.141
2026-09-16T11-26-31-280Z,1,BMA400_WRIST,405,8100,86771,1018594242.553,-242,1193,135,-236.328,1165.039,131.836
2026-09-16T11-26-31-280Z,1,BMA400_WRIST,406,8120,86791,1018594262.553,-245,1128,87,-239.258,1101.563,84.961
2026-09-16T11-26-31-280Z,1,BMA400_WRIST,407,8140,86811,1018594282.553,-230,1048,58,-224.609,1023.438,56.641
2026-09-16T11-26-31-280Z,1,BMA400_WRIST,408,8160,86831,1018594302.553,-223,1037,34,-217.773,1012.695,33.203
2026-09-16T11-26-31-280Z,1,BMA400_WRIST,409,8180,86851,1018594322.553,-264,1061,18,-257.813,1036.133,17.578
2026-09-16T11-26-31-280Z,1,BMA400_WRIST,410,8200,86871,1018594342.553,-318,1105,38,-310.547,1079.102,37.109
2026-09-16T11-26-31-280Z,1,BMA400_WRIST,411,8221,86892,1018594363.553,-335,1080,63,-327.148,1054.688,61.523
2026-09-16T11-26-31-280Z,1,BMA400_WRIST,412,8240,86911,1018594382.553,-317,1005,71,-309.57,981.445,69.336
2026-09-16T11-26-31-280Z,1,BMA400_WRIST,413,8260,86931,1018594402.553,-309,938,79,-301.758,916.016,77.148
2026-09-16T11-26-31-280Z,1,BMA400_WRIST,414,8280,86951,1018594422.553,-318,906,101,-310.547,884.766,98.633
2026-09-16T11-26-31-280Z,1,BMA400_WRIST,415,8300,86971,1018594442.553,-319,878,125,-311.523,857.422,122.07
2026-09-16T11-26-31-280Z,1,BMA400_WRIST,416,8320,86991,1018594462.553,-346,853,149,-337.891,833.008,145.508
2026-09-16T11-26-31-280Z,1,BMA400_WRIST,417,8340,87011,1018594482.553,-387,864,171,-377.93,843.75,166.992
2026-09-16T11-26-31-280Z,1,BMA400_WRIST,418,8361,87032,1018594503.553,-425,896,166,-415.039,875.0,162.109
2026-09-16T11-26-31-280Z,1,BMA400_WRIST,419,8380,87051,1018594522.553,-436,921,152,-425.781,899.414,148.438
2026-09-16T11-26-31-280Z,1,BMA400_WRIST,420,8400,87071,1018594542.553,-452,930,142,-441.406,908.203,138.672
2026-09-16T11-26-31-280Z,1,BMA400_WRIST,421,8420,87091,1018594562.553,-446,955,152,-435.547,932.617,148.438
2026-09-16T11-26-31-280Z,1,BMA400_WRIST,422,8440,87111,1018594582.553,-437,1027,174,-426.758,1002.93,169.922
2026-09-16T11-26-31-280Z,1,BMA400_WRIST,423,8460,87131,1018594602.553,-438,1104,202,-427.734,1078.125,197.266
2026-09-16T11-26-31-280Z,1,BMA400_WRIST,424,8480,87151,1018594622.553,-459,1198,218,-448.242,1169.922,212.891
2026-09-16T11-26-31-280Z,1,BMA400_WRIST,425,8501,87172,1018594643.553,-497,1228,188,-485.352,1199.219,183.594
2026-09-16T11-26-31-280Z,1,BMA400_WRIST,426,8520,87191,1018594662.553,-529,1197,177,-516.602,1168.945,172.852
2026-09-16T11-26-31-280Z,1,BMA400_WRIST,427,8540,87211,1018594682.553,-581,1166,204,-567.383,1138.672,199.219
2026-09-16T11-26-31-280Z,1,BMA400_WRIST,428,8560,87231,1018594702.553,-637,1256,236,-622.07,1226.563,230.469
2026-09-16T11-26-31-280Z,1,BMA400_WRIST,429,8580,87251,1018594722.553,-705,1497,260,-688.477,1461.914,253.906
2026-09-16T11-26-31-280Z,1,BMA400_WRIST,430,8600,87271,1018594742.553,-694,1572,205,-677.734,1535.156,200.195
2026-09-16T11-26-31-280Z,1,BMA400_WRIST,431,8620,87291,1018594762.553,-545,1204,202,-532.227,1175.781,197.266
2026-09-16T11-26-31-280Z,1,BMA400_WRIST,432,8641,87312,1018594783.553,-456,1163,276,-445.313,1135.742,269.531
2026-09-16T11-26-31-280Z,1,BMA400_WRIST,433,8660,87331,1018594802.553,-419,1194,303,-409.18,1166.016,295.898
2026-09-16T11-26-31-280Z,1,BMA400_WRIST,434,8680,87351,1018594822.553,-358,1222,289,-349.609,1193.359,282.227
2026-09-16T11-26-31-280Z,1,BMA400_WRIST,435,8700,87371,1018594842.553,-394,1221,253,-384.766,1192.383,247.07
2026-09-16T11-26-31-280Z,1,BMA400_WRIST,436,8720,87391,1018594862.553,-482,1248,199,-470.703,1218.75,194.336
2026-09-16T11-26-31-280Z,1,BMA400_WRIST,437,8740,87411,1018594882.553,-460,1197,170,-449.219,1168.945,166.016
2026-09-16T11-26-31-280Z,1,BMA400_WRIST,438,8760,87431,1018594902.553,-406,1115,167,-396.484,1088.867,163.086
2026-09-16T11-26-31-280Z,1,BMA400_WRIST,439,8781,87452,1018594923.553,-332,1055,180,-324.219,1030.273,175.781
2026-09-16T11-26-31-280Z,1,BMA400_WRIST,440,8800,87471,1018594942.553,-305,1030,180,-297.852,1005.859,175.781
2026-09-16T11-26-31-280Z,1,BMA400_WRIST,441,8820,87491,1018594962.553,-270,921,179,-263.672,899.414,174.805
2026-09-16T11-26-31-280Z,1,BMA400_WRIST,442,8840,87511,1018594982.553,-262,866,173,-255.859,845.703,168.945
2026-09-16T11-26-31-280Z,1,BMA400_WRIST,443,8860,87531,1018595002.553,-262,836,121,-255.859,816.406,118.164
2026-09-16T11-26-31-280Z,1,BMA400_WRIST,444,8880,87551,1018595022.553,-275,853,87,-268.555,833.008,84.961
2026-09-16T11-26-31-280Z,1,BMA400_WRIST,445,8900,87571,1018595042.553,-289,884,92,-282.227,863.281,89.844
2026-09-16T11-26-31-280Z,1,BMA400_WRIST,446,8921,87592,1018595063.553,-274,908,86,-267.578,886.719,83.984
2026-09-16T11-26-31-280Z,1,BMA400_WRIST,447,8940,87611,1018595082.553,-240,921,83,-234.375,899.414,81.055
2026-09-16T11-26-31-280Z,1,BMA400_WRIST,448,8960,87631,1018595102.553,-210,908,84,-205.078,886.719,82.031
2026-09-16T11-26-31-280Z,1,BMA400_WRIST,449,8980,87651,1018595122.553,-204,852,88,-199.219,832.031,85.938
2026-09-16T11-26-31-280Z,1,BMA400_WRIST,450,9000,87671,1018595142.553,-207,785,102,-202.148,766.602,99.609
2026-09-16T11-26-31-280Z,1,BMA400_WRIST,451,9020,87691,1018595162.553,-251,739,107,-245.117,721.68,104.492
2026-09-16T11-26-31-280Z,1,BMA400_WRIST,452,9040,87711,1018595182.553,-285,685,119,-278.32,668.945,116.211
2026-09-16T11-26-31-280Z,1,BMA400_WRIST,453,9061,87732,1018595203.553,-301,683,110,-293.945,666.992,107.422
2026-09-16T11-26-31-280Z,1,BMA400_WRIST,454,9080,87751,1018595222.553,-323,833,118,-315.43,813.477,115.234
2026-09-16T11-26-31-280Z,1,BMA400_WRIST,455,9100,87771,1018595242.553,-328,1020,130,-320.313,996.094,126.953
2026-09-16T11-26-31-280Z,1,BMA400_WRIST,456,9120,87791,1018595262.553,-292,1083,110,-285.156,1057.617,107.422
2026-09-16T11-26-31-280Z,1,BMA400_WRIST,457,9140,87811,1018595282.553,-287,1076,86,-280.273,1050.781,83.984
2026-09-16T11-26-31-280Z,1,BMA400_WRIST,458,9160,87831,1018595302.553,-330,1052,91,-322.266,1027.344,88.867
2026-09-16T11-26-31-280Z,1,BMA400_WRIST,459,9180,87851,1018595322.553,-331,1066,106,-323.242,1041.016,103.516
2026-09-16T11-26-31-280Z,1,BMA400_WRIST,460,9201,87872,1018595343.553,-336,1109,103,-328.125,1083.008,100.586
2026-09-16T11-26-31-280Z,1,BMA400_WRIST,461,9220,87891,1018595362.553,-365,1164,86,-356.445,1136.719,83.984
2026-09-16T11-26-31-280Z,1,BMA400_WRIST,462,9240,87911,1018595382.553,-386,1155,86,-376.953,1127.93,83.984
2026-09-16T11-26-31-280Z,1,BMA400_WRIST,463,9260,87931,1018595402.553,-404,1100,91,-394.531,1074.219,88.867
2026-09-16T11-26-31-280Z,1,BMA400_WRIST,464,9280,87951,1018595422.553,-448,1057,117,-437.5,1032.227,114.258
2026-09-16T11-26-31-280Z,1,BMA400_WRIST,465,9300,87971,1018595442.553,-480,1004,131,-468.75,980.469,127.93
2026-09-16T11-26-31-280Z,1,BMA400_WRIST,466,9320,87991,1018595462.553,-437,935,155,-426.758,913.086,151.367
2026-09-16T11-26-31-280Z,1,BMA400_WRIST,467,9340,88011,1018595482.553,-376,889,162,-367.188,868.164,158.203
2026-09-16T11-26-31-280Z,1,BMA400_WRIST,468,9360,88031,1018595502.553,-354,887,163,-345.703,866.211,159.18
2026-09-16T11-26-31-280Z,1,BMA400_WRIST,469,9380,88051,1018595522.553,-376,923,180,-367.188,901.367,175.781
2026-09-16T11-26-31-280Z,1,BMA400_WRIST,470,9400,88071,1018595542.553,-369,957,169,-360.352,934.57,165.039
2026-09-16T11-26-31-280Z,1,BMA400_WRIST,471,9420,88091,1018595562.553,-364,973,172,-355.469,950.195,167.969
2026-09-16T11-26-31-280Z,1,BMA400_WRIST,472,9440,88111,1018595582.553,-414,984,168,-404.297,960.938,164.063
2026-09-16T11-26-31-280Z,1,BMA400_WRIST,473,9460,88131,1018595602.553,-452,1014,179,-441.406,990.234,174.805
2026-09-16T11-26-31-280Z,1,BMA400_WRIST,474,9480,88151,1018595622.553,-451,1062,197,-440.43,1037.109,192.383
2026-09-16T11-26-31-280Z,1,BMA400_WRIST,475,9500,88171,1018595642.553,-434,1125,209,-423.828,1098.633,204.102
2026-09-16T11-26-31-280Z,1,BMA400_WRIST,476,9520,88191,1018595662.553,-409,1154,187,-399.414,1126.953,182.617
2026-09-16T11-26-31-280Z,1,BMA400_WRIST,477,9540,88211,1018595682.553,-426,1117,178,-416.016,1090.82,173.828
2026-09-16T11-26-31-280Z,1,BMA400_WRIST,478,9560,88231,1018595702.553,-460,1053,165,-449.219,1028.32,161.133
2026-09-16T11-26-31-280Z,1,BMA400_WRIST,479,9580,88251,1018595722.553,-514,1033,163,-501.953,1008.789,159.18
2026-09-16T11-26-31-280Z,1,BMA400_WRIST,480,9600,88271,1018595742.553,-591,1142,181,-577.148,1115.234,176.758
2026-09-16T11-26-31-280Z,1,BMA400_WRIST,481,9620,88291,1018595762.553,-623,1351,194,-608.398,1319.336,189.453
2026-09-16T11-26-31-280Z,1,BMA400_WRIST,482,9641,88312,1018595783.553,-615,1430,170,-600.586,1396.484,166.016
2026-09-16T11-26-31-280Z,1,BMA400_WRIST,483,9660,88331,1018595802.553,-544,1278,190,-531.25,1248.047,185.547
2026-09-16T11-26-31-280Z,1,BMA400_WRIST,484,9680,88351,1018595822.553,-478,1190,279,-466.797,1162.109,272.461
2026-09-16T11-26-31-280Z,1,BMA400_WRIST,485,9700,88371,1018595842.553,-428,1238,337,-417.969,1208.984,329.102
2026-09-16T11-26-31-280Z,1,BMA400_WRIST,486,9720,88391,1018595862.553,-444,1239,323,-433.594,1209.961,315.43
2026-09-16T11-26-31-280Z,1,BMA400_WRIST,487,9740,88411,1018595882.553,-533,1204,260,-520.508,1175.781,253.906
2026-09-16T11-26-31-280Z,1,BMA400_WRIST,488,9760,88431,1018595902.553,-552,1152,190,-539.063,1125.0,185.547
2026-09-16T11-26-31-280Z,1,BMA400_WRIST,489,9781,88452,1018595923.553,-469,1099,173,-458.008,1073.242,168.945
2026-09-16T11-26-31-280Z,1,BMA400_WRIST,490,9800,88471,1018595942.553,-358,1056,197,-349.609,1031.25,192.383
2026-09-16T11-26-31-280Z,1,BMA400_WRIST,491,9820,88491,1018595962.553,-270,1000,236,-263.672,976.563,230.469
2026-09-16T11-26-31-280Z,1,BMA400_WRIST,492,9840,88511,1018595982.553,-215,938,230,-209.961,916.016,224.609
2026-09-16T11-26-31-280Z,1,BMA400_WRIST,493,9860,88531,1018596002.553,-239,881,209,-233.398,860.352,204.102
2026-09-16T11-26-31-280Z,1,BMA400_WRIST,494,9880,88551,1018596022.553,-306,813,188,-298.828,793.945,183.594
2026-09-16T11-26-31-280Z,1,BMA400_WRIST,495,9900,88571,1018596042.553,-345,798,166,-336.914,779.297,162.109
2026-09-16T11-26-31-280Z,1,BMA400_WRIST,496,9921,88592,1018596063.553,-339,813,152,-331.055,793.945,148.438
2026-09-16T11-26-31-280Z,1,BMA400_WRIST,497,9940,88611,1018596082.553,-323,835,140,-315.43,815.43,136.719
2026-09-16T11-26-31-280Z,1,BMA400_WRIST,498,9960,88631,1018596102.553,-298,849,147,-291.016,829.102,143.555
2026-09-16T11-26-31-280Z,1,BMA400_WRIST,499,9980,88651,1018596122.553,-265,866,132,-258.789,845.703,128.906
